{
  "accuracy": 0.9280479680213192,
  "report": {
    "Bills & Utilities": {
      "precision": 0.9403973509933775,
      "recall": 0.922077922077922,
      "f1-score": 0.9311475409836065,
      "support": 154.0
    },
    "Entertainment": {
      "precision": 0.8947368421052632,
      "recall": 0.9006622516556292,
      "f1-score": 0.8976897689768977,
      "support": 151.0
    },
    "Food & Dining": {
      "precision": 0.9403973509933775,
      "recall": 0.9466666666666667,
      "f1-score": 0.9435215946843853,
      "support": 150.0
    },
    "Fuel": {
      "precision": 0.9261744966442953,
      "recall": 0.9078947368421053,
      "f1-score": 0.9169435215946844,
      "support": 152.0
    },
    "Groceries": {
      "precision": 0.9251700680272109,
      "recall": 0.9444444444444444,
      "f1-score": 0.9347079037800687,
      "support": 144.0
    },
    "Health & Medical": {
      "precision": 0.9517241379310345,
      "recall": 0.9139072847682119,
      "f1-score": 0.9324324324324325,
      "support": 151.0
    },
    "Others": {
      "precision": 0.9135802469135802,
      "recall": 0.9736842105263158,
      "f1-score": 0.9426751592356688,
      "support": 152.0
    },
    "Services": {
      "precision": 0.934640522875817,
      "recall": 0.9470198675496688,
      "f1-score": 0.9407894736842105,
      "support": 151.0
    },
    "Shopping": {
      "precision": 0.9383561643835616,
      "recall": 0.9194630872483222,
      "f1-score": 0.9288135593220339,
      "support": 149.0
    },
    "Travel": {
      "precision": 0.9172413793103448,
      "recall": 0.9047619047619048,
      "f1-score": 0.910958904109589,
      "support": 147.0
    },
    "accuracy": 0.9280479680213192,
    "macro avg": {
      "precision": 0.9282418560177863,
      "recall": 0.9280582376541192,
      "f1-score": 0.9279679858803578,
      "support": 1501.0
    },
    "weighted avg": {
      "precision": 0.9282770710927402,
      "recall": 0.9280479680213192,
      "f1-score": 0.9279792007507623,
      "support": 1501.0
    }
  },
  "confusion_matrix": [
    [
      142,
      0,
      0,
      2,
      0,
      0,
      4,
      1,
      2,
      3
    ],
    [
      2,
      136,
      0,
      3,
      2,
      0,
      4,
      1,
      1,
      2
    ],
    [
      0,
      1,
      142,
      0,
      2,
      1,
      0,
      1,
      1,
      2
    ],
    [
      1,
      4,
      1,
      138,
      5,
      0,
      0,
      2,
      1,
      0
    ],
    [
      2,
      0,
      1,
      1,
      136,
      1,
      1,
      0,
      0,
      2
    ],
    [
      1,
      2,
      3,
      2,
      1,
      138,
      2,
      1,
      1,
      0
    ],
    [
      0,
      2,
      0,
      0,
      0,
      1,
      148,
      1,
      0,
      0
    ],
    [
      0,
      3,
      0,
      1,
      1,
      1,
      0,
      143,
      1,
      1
    ],
    [
      1,
      1,
      1,
      2,
      0,
      2,
      1,
      2,
      137,
      2
    ],
    [
      2,
      3,
      3,
      0,
      0,
      1,
      2,
      1,
      2,
      133
    ]
  ],
  "classes": [
    "Bills & Utilities",
    "Entertainment",
    "Food & Dining",
    "Fuel",
    "Groceries",
    "Health & Medical",
    "Others",
    "Services",
    "Shopping",
    "Travel"
  ]
}